{"cameraMode":{"drawMode":0,"name":"Shaded","section":"Shading Mode"},"sceneLighting":false,"audioPlay":false,"sceneViewState":{"showFog":true,"showMaterialUpdate":false,"showSkybox":false,"showFlares":true,"showImageEffects":false,"showParticleSystems":true},"in2DMode":false,"pivot":{"x":0.6862082481384277,"y":6.794919013977051,"z":-17.625},"rotation":{"x":0.1567854881286621,"y":-0.7796066999435425,"z":0.21266761422157288,"w":0.5683037638664246},"size":0.08660221844911576,"orthographic":false}