{"cameraMode":{"drawMode":0,"name":"Shaded","section":"Shading Mode"},"sceneLighting":false,"audioPlay":false,"sceneViewState":{"showFog":true,"showMaterialUpdate":false,"showSkybox":false,"showFlares":true,"showImageEffects":false,"showParticleSystems":true},"in2DMode":false,"pivot":{"x":6.873970985412598,"y":5.216880798339844,"z":-62.659000396728519},"rotation":{"x":0.007650649640709162,"y":-0.8713281750679016,"z":0.4911511242389679,"w":0.009782732464373112},"size":0.8660253882408142,"orthographic":false}