{"cameraMode":{"drawMode":31,"name":"Sprite Mask","section":"Miscellaneous"},"sceneLighting":true,"audioPlay":false,"sceneViewState":{"showFog":true,"showMaterialUpdate":false,"showSkybox":false,"showFlares":true,"showImageEffects":false,"showParticleSystems":true},"in2DMode":false,"pivot":{"x":15.049788475036621,"y":-3.7539730072021486,"z":-36.18338394165039},"rotation":{"x":0.06391426920890808,"y":-0.9321104288101196,"z":0.3050307035446167,"w":0.1863829642534256},"size":29.22309684753418,"orthographic":false}