{"cameraMode":{"drawMode":31,"name":"Sprite Mask","section":"Miscellaneous"},"sceneLighting":false,"audioPlay":false,"sceneViewState":{"showFog":true,"showMaterialUpdate":false,"showSkybox":false,"showFlares":true,"showImageEffects":false,"showParticleSystems":true},"in2DMode":false,"pivot":{"x":23.818572998046876,"y":1.5978846549987794,"z":-26.130638122558595},"rotation":{"x":0.26195046305656435,"y":-0.6902813911437988,"z":0.29305699467658999,"w":0.6080287098884583},"size":0.12247446924448013,"orthographic":false}