{"cameraMode":{"drawMode":31,"name":"Sprite Mask","section":"Miscellaneous"},"sceneLighting":false,"audioPlay":false,"sceneViewState":{"showFog":true,"showMaterialUpdate":false,"showSkybox":false,"showFlares":true,"showImageEffects":false,"showParticleSystems":true},"in2DMode":false,"pivot":{"x":-0.00000762939453125,"y":3.6132397651672365,"z":-0.000026702880859375},"rotation":{"x":0.059051163494586948,"y":-0.9278408288955689,"z":0.3334069550037384,"w":0.158369243144989},"size":16.718379974365236,"orthographic":false}