{"cameraMode":{"drawMode":0,"name":"Shaded","section":"Shading Mode"},"sceneLighting":false,"audioPlay":false,"sceneViewState":{"showFog":true,"showMaterialUpdate":false,"showSkybox":false,"showFlares":true,"showImageEffects":false,"showParticleSystems":true},"in2DMode":false,"pivot":{"x":0.0,"y":1.6132376194000245,"z":-0.000001430511474609375},"rotation":{"x":-0.01881229877471924,"y":0.9777913689613342,"z":-0.1857849508523941,"w":-0.09673712402582169},"size":4.52473258972168,"orthographic":false}