{"cameraMode":{"drawMode":31,"name":"Sprite Mask","section":"Miscellaneous"},"sceneLighting":false,"audioPlay":false,"sceneViewState":{"showFog":true,"showMaterialUpdate":false,"showSkybox":false,"showFlares":true,"showImageEffects":false,"showParticleSystems":true},"in2DMode":false,"pivot":{"x":22.420000076293947,"y":-0.019999980926513673,"z":-27.690000534057618},"rotation":{"x":0.26195046305656435,"y":-0.6902813911437988,"z":0.29305699467658999,"w":0.6080287098884583},"size":12.86996078491211,"orthographic":false}